כנסת,שם,קוד שחקן,קוד משתמש,מגדר,קוד תפקיד,תפקיד,התחלה,סיום,סיבת סיום כהונה,סיבת חזרה לכהונה,החליף את
25,אבי דיכטר,4395,4395,זכר,43,חבר הכנסת,15/11/2022,NULL,NULL,NULL,NULL
25,אבי מעוז,30814,32696,זכר,43,חבר הכנסת,15/11/2022,NULL,NULL,NULL,NULL
25,אביגדור ליברמן,427,427,זכר,43,חבר הכנסת,15/11/2022,NULL,NULL,NULL,NULL
25,אביחי אברהם בוארון,30880,34722,זכר,43,חבר הכנסת,31/03/2023,14/10/2023,"כהונת חה""כ פסקה בשל התחדשות חברות ח""כ אחר",NULL,אמסלם דוד
25,אביחי אברהם בוארון,30880,34722,זכר,43,חבר הכנסת,30/06/2024,NULL,NULL,NULL,דנון דני
25,אברהם בצלאל,30480,31590,זכר,43,חבר הכנסת,15/11/2022,20/07/2025,"התפטרות חה""כ מהכנסת",NULL,NULL
25,אוהד טל,30830,34360,זכר,43,חבר הכנסת,15/11/2022,NULL,NULL,NULL,NULL
25,אופיר אקוניס,12937,12937,זכר,43,חבר הכנסת,15/11/2022,10/02/2023,התפטרות חבר ממשלה מהכנסת,NULL,NULL
25,אופיר כץ,30701,32022,זכר,43,חבר הכנסת,15/11/2022,NULL,NULL,NULL,NULL
25,אופיר סופר,30717,32029,זכר,43,חבר הכנסת,15/11/2022,NULL,NULL,NULL,NULL
25,אורי מקלב,11835,11835,זכר,43,חבר הכנסת,15/11/2022,25/01/2023,התפטרות חבר ממשלה מהכנסת,NULL,NULL
25,אורי מקלב,11835,11835,זכר,43,חבר הכנסת,16/07/2025,NULL,NULL,"כהונת חה""כ התחדשה",ברוכי אליהו
25,אוריאל בוסו,30765,32439,זכר,43,חבר הכנסת,15/11/2022,NULL,NULL,NULL,NULL
25,אורית מלכה סטרוק,23551,23551,נקבה,61,חברת הכנסת,15/11/2022,NULL,NULL,NULL,NULL
25,אורית פרקש הכהן,30685,32036,נקבה,61,חברת הכנסת,15/11/2022,NULL,NULL,NULL,NULL
25,אורנה ברביבאי,30681,32002,נקבה,61,חברת הכנסת,15/11/2022,01/08/2023,"התפטרות חה""כ מהכנסת",NULL,NULL
25,אושר שקלים,30876,34632,זכר,43,חבר הכנסת,15/02/2023,NULL,NULL,NULL,כהן אלי
25,אחמד טיבי,560,560,זכר,43,חבר הכנסת,15/11/2022,NULL,NULL,NULL,NULL
25,איימן עודה,30066,30066,זכר,43,חבר הכנסת,15/11/2022,NULL,NULL,NULL,NULL
25,אימאן ח'טיב יאסין,30758,32334,נקבה,61,חברת הכנסת,15/11/2022,NULL,NULL,NULL,NULL
25,איתמר בן גביר,30811,32689,זכר,43,חבר הכנסת,15/11/2022,NULL,NULL,NULL,NULL
25,איתן גינזבורג,30693,32006,זכר,43,חבר הכנסת,04/07/2025,NULL,NULL,NULL,איזנקוט גדי
25,אכרם חסון,22151,22151,זכר,43,חבר הכנסת,10/07/2025,NULL,NULL,NULL,סער גדעון
25,אלון שוסטר,30694,32041,זכר,43,חבר הכנסת,15/11/2022,NULL,NULL,NULL,NULL
25,אלי דלל,30831,34361,זכר,43,חבר הכנסת,15/11/2022,NULL,NULL,NULL,NULL
25,אלי כהן,30083,30083,זכר,43,חבר הכנסת,15/11/2022,15/02/2023,התפטרות חבר ממשלה מהכנסת,NULL,NULL
25,אליהו ברוכי,30768,32454,זכר,43,חבר הכנסת,25/01/2023,15/06/2025,"כהונת חה""כ פסקה בשל התחדשות חברות ח""כ אחר",NULL,מקלב אורי
25,אליהו ברוכי,30768,32454,זכר,43,חבר הכנסת,02/07/2025,16/07/2025,"כהונת חה""כ פסקה בשל התחדשות חברות ח""כ אחר","כהונת חה""כ התחדשה",טסלר יעקב
25,אליהו רביבו,30832,34362,זכר,43,חבר הכנסת,15/11/2022,NULL,NULL,NULL,NULL
25,אלמוג כהן,30833,34363,זכר,43,חבר הכנסת,15/11/2022,06/04/2025,"התפטרות חה""כ מהכנסת",NULL,NULL
25,אלעזר שטרן,23591,23591,זכר,43,חבר הכנסת,15/11/2022,NULL,NULL,NULL,NULL
25,אמיר אוחנה,30300,30369,זכר,43,חבר הכנסת,15/11/2022,NULL,NULL,NULL,NULL
25,אפרת רייטן מרום,30808,32701,נקבה,61,חברת הכנסת,15/11/2022,NULL,NULL,NULL,NULL
25,ארז מלול,30873,34609,זכר,43,חבר הכנסת,02/02/2023,20/07/2025,"כהונת חה""כ פסקה בשל התחדשות חברות ח""כ אחר",NULL,מרגי יעקב
25,ארז מלול,30873,34609,זכר,43,חבר הכנסת,20/07/2025,20/07/2025,"כהונת חה""כ פסקה בשל התחדשות חברות ח""כ אחר",NULL,בצלאל אברהם
25,אריאל קלנר,30710,32037,זכר,43,חבר הכנסת,06/01/2023,NULL,NULL,NULL,כץ חיים
25,אריה מכלוף דרעי,2291,2291,זכר,43,חבר הכנסת,15/11/2022,NULL,NULL,NULL,NULL
25,בועז ביסמוט,30835,34364,זכר,43,חבר הכנסת,15/11/2022,NULL,NULL,NULL,NULL
25,בועז טופורובסקי,23639,23639,זכר,43,חבר הכנסת,15/11/2022,NULL,NULL,NULL,NULL
25,בנימין גנץ,30657,32007,זכר,43,חבר הכנסת,15/11/2022,NULL,NULL,NULL,NULL
25,בנימין נתניהו,965,965,זכר,43,חבר הכנסת,15/11/2022,NULL,NULL,NULL,NULL
25,בצלאל סמוטריץ',30055,30055,זכר,43,חבר הכנסת,15/11/2022,07/02/2023,התפטרות חבר ממשלה מהכנסת,NULL,NULL
25,גדי איזנקוט,30836,34365,זכר,43,חבר הכנסת,15/11/2022,04/07/2025,"התפטרות חה""כ מהכנסת",NULL,NULL
25,גדעון סער,1027,1027,זכר,43,חבר הכנסת,15/11/2022,10/07/2025,התפטרות חבר ממשלה מהכנסת,NULL,NULL
25,גילה גמליאל,1025,1025,נקבה,61,חברת הכנסת,15/11/2022,NULL,NULL,NULL,NULL
25,גלית דיסטל אטבריאן,30809,32692,נקבה,61,חברת הכנסת,15/11/2022,12/03/2023,התפטרות חבר ממשלה מהכנסת,NULL,NULL
25,גלית דיסטל אטבריאן,30809,32692,נקבה,61,חברת הכנסת,14/10/2023,NULL,NULL,NULL,בוארון אביחי אברהם
25,גלעד קריב,30807,32699,זכר,43,חבר הכנסת,15/11/2022,NULL,NULL,NULL,NULL
25,דבי ביטון,30837,34366,נקבה,61,חברת הכנסת,15/11/2022,NULL,NULL,NULL,NULL
25,דוד אמסלם,23564,23564,זכר,43,חבר הכנסת,15/11/2022,31/03/2023,התפטרות חבר ממשלה מהכנסת,NULL,NULL
25,דוד ביטן,23558,23558,זכר,43,חבר הכנסת,15/11/2022,NULL,NULL,NULL,NULL
25,דן אילוז,30839,34520,זכר,43,חבר הכנסת,06/01/2023,NULL,NULL,NULL,זוהר מכלוף מיקי
25,דני דנון,12944,12944,זכר,43,חבר הכנסת,15/11/2022,30/06/2024,"מינוי למשרה (ס' 7 לח""י: הכנסת)",NULL,NULL
25,ואליד אלהואשלה,30840,34367,זכר,43,חבר הכנסת,15/11/2022,NULL,NULL,NULL,NULL
25,ווליד טאהא,30752,32221,זכר,43,חבר הכנסת,15/11/2022,NULL,NULL,NULL,NULL
25,ולדימיר בליאק,30776,32643,זכר,43,חבר הכנסת,15/11/2022,NULL,NULL,NULL,NULL
25,זאב אלקין,4397,4397,זכר,43,חבר הכנסת,15/11/2022,NULL,NULL,NULL,NULL
25,חוה אתי עטייה,30702,32032,נקבה,61,חברת הכנסת,07/01/2023,NULL,NULL,NULL,סילמן עידית
25,חיים ביטון,30804,32688,זכר,43,חבר הכנסת,15/11/2022,02/02/2023,התפטרות חבר ממשלה מהכנסת,NULL,NULL
25,חיים ביטון,30804,32688,זכר,43,חבר הכנסת,20/07/2025,NULL,NULL,NULL,מלול ארז
25,חיים כץ,556,556,זכר,43,חבר הכנסת,15/11/2022,06/01/2023,התפטרות חבר ממשלה מהכנסת,NULL,NULL
25,חילי טרופר,30683,32015,זכר,43,חבר הכנסת,15/11/2022,NULL,NULL,NULL,NULL
25,חמד עמאר,12938,12938,זכר,43,חבר הכנסת,15/11/2022,NULL,NULL,NULL,NULL
25,חנוך דב מלביצקי,30842,34368,זכר,43,חבר הכנסת,15/11/2022,NULL,NULL,NULL,NULL
25,טטיאנה מזרסקי,30782,33824,נקבה,61,חברת הכנסת,15/11/2022,NULL,NULL,NULL,NULL
25,טלי גוטליב,30860,34379,נקבה,61,חברת הכנסת,15/11/2022,NULL,NULL,NULL,NULL
25,יאיר לפיד,23594,23594,זכר,43,חבר הכנסת,15/11/2022,NULL,NULL,NULL,NULL
25,יאסר חוג'יראת,30843,34369,זכר,43,חבר הכנסת,15/11/2022,NULL,NULL,NULL,NULL
25,יבגני סובה,30722,32028,זכר,43,חבר הכנסת,15/11/2022,NULL,NULL,NULL,NULL
25,יואב בן צור,28513,28513,זכר,43,חבר הכנסת,15/11/2022,03/01/2023,"התפטרות חה""כ מהכנסת",NULL,NULL
25,יואב בן צור,28513,28513,זכר,43,חבר הכנסת,20/07/2025,NULL,NULL,"כהונת חה""כ התחדשה",מלול ארז
25,יואב גלנט,30077,30077,זכר,43,חבר הכנסת,15/11/2022,05/01/2025,"התפטרות חה""כ מהכנסת",NULL,NULL
25,יואב סגלוביץ',30695,32027,זכר,43,חבר הכנסת,15/11/2022,NULL,NULL,NULL,NULL
25,יואב קיש,30057,30057,זכר,43,חבר הכנסת,15/11/2022,26/03/2023,התפטרות חבר ממשלה מהכנסת,NULL,NULL
25,יואל רזבוזוב,23601,23601,זכר,43,חבר הכנסת,15/11/2022,01/02/2023,"התפטרות חה""כ מהכנסת",NULL,NULL
25,יולי יואל אדלשטיין,532,532,זכר,43,חבר הכנסת,15/11/2022,NULL,NULL,NULL,NULL
25,יוליה מלינובסקי,23560,23560,נקבה,61,חברת הכנסת,15/11/2022,NULL,NULL,NULL,NULL
25,יונתן מישרקי,30868,34513,זכר,43,חבר הכנסת,03/01/2023,NULL,NULL,NULL,בן צור יואב
25,יוסף טייב,30770,32465,זכר,43,חבר הכנסת,15/11/2022,NULL,NULL,NULL,NULL
25,יוסף עטאונה,30558,31747,זכר,43,חבר הכנסת,15/11/2022,20/06/2025,"התפטרות חה""כ מהכנסת",NULL,NULL
25,יוראי להב הרצנו,30720,32023,זכר,43,חבר הכנסת,15/11/2022,NULL,NULL,NULL,NULL
25,ינון אזולאי,30601,31851,זכר,43,חבר הכנסת,15/11/2022,NULL,NULL,NULL,NULL
25,יסמין פרידמן,30783,33827,נקבה,61,חברת הכנסת,15/11/2022,NULL,NULL,NULL,NULL
25,יעל רון בן משה,30775,32635,נקבה,61,חברת הכנסת,08/07/2025,NULL,NULL,NULL,כהנא מתן
25,יעקב אשר,23641,23641,זכר,43,חבר הכנסת,15/11/2022,NULL,NULL,NULL,NULL
25,יעקב טסלר,30671,32014,זכר,43,חבר הכנסת,15/11/2022,02/07/2025,התפטרות חבר ממשלה מהכנסת,NULL,NULL
25,יעקב טסלר,30671,32014,זכר,43,חבר הכנסת,17/07/2025,NULL,NULL,"כהונת חה""כ התחדשה",פינדרוס יצחק
25,יעקב מרגי,1056,1056,זכר,43,חבר הכנסת,15/11/2022,02/02/2023,התפטרות חבר ממשלה מהכנסת,NULL,NULL
25,יעקב מרגי,1056,1056,זכר,43,חבר הכנסת,20/07/2025,NULL,NULL,NULL,מושיאשוילי סימון
25,יפעת שאשא ביטון,30082,30082,נקבה,61,חברת הכנסת,15/11/2022,05/07/2024,"התפטרות חה""כ מהכנסת",NULL,NULL
25,יצחק גולדקנופ,30846,34370,זכר,43,חבר הכנסת,15/11/2022,06/01/2023,התפטרות חבר ממשלה מהכנסת,NULL,NULL
25,יצחק גולדקנופ,30846,34370,זכר,43,חבר הכנסת,15/06/2025,NULL,NULL,NULL,ברוכי אליהו
25,יצחק פינדרוס,30672,32033,זכר,43,חבר הכנסת,06/01/2023,17/07/2025,"כהונת חה""כ פסקה בשל התחדשות חברות ח""כ אחר",NULL,גולדקנופ יצחק
25,יצחק קרויזר,30867,34499,זכר,43,חבר הכנסת,01/01/2023,NULL,NULL,NULL,אליהו עמיחי
25,יצחק שמעון וסרלאוף,30847,34371,זכר,43,חבר הכנסת,15/11/2022,NULL,NULL,NULL,NULL
25,ירון לוי,30881,34814,זכר,43,חבר הכנסת,01/08/2023,NULL,NULL,NULL,ברביבאי אורנה
25,יריב לוין,12951,12951,זכר,43,חבר הכנסת,15/11/2022,NULL,NULL,NULL,NULL
25,ישראל אייכלר,1057,1057,זכר,43,חבר הכנסת,15/11/2022,NULL,NULL,NULL,NULL
25,ישראל כץ,468,468,זכר,43,חבר הכנסת,15/11/2022,NULL,NULL,NULL,NULL
25,לימור סון הר מלך,30849,34372,נקבה,61,חברת הכנסת,15/11/2022,NULL,NULL,NULL,NULL
25,מאי גולן,30708,32005,נקבה,61,חברת הכנסת,15/11/2022,NULL,NULL,NULL,NULL
25,מאיר כהן,23597,23597,זכר,43,חבר הכנסת,15/11/2022,NULL,NULL,NULL,NULL
25,מאיר פרוש,563,563,זכר,43,חבר הכנסת,15/11/2022,25/01/2023,התפטרות חבר ממשלה מהכנסת,NULL,NULL
25,מאיר פרוש,563,563,זכר,43,חבר הכנסת,17/07/2025,NULL,NULL,"כהונת חה""כ התחדשה",רוט משה
25,מטי צרפתי הרכבי,30851,34373,נקבה,61,חברת הכנסת,15/11/2022,NULL,NULL,NULL,NULL
25,מיכאל מלכיאלי,30470,30573,זכר,43,חבר הכנסת,15/11/2022,NULL,NULL,NULL,NULL
25,מיכאל מרדכי ביטון,30682,32000,זכר,43,חבר הכנסת,15/11/2022,NULL,NULL,NULL,NULL
25,מיכל מרים וולדיגר,30810,32693,נקבה,61,חברת הכנסת,15/11/2022,NULL,NULL,NULL,NULL
25,מיכל שיר סגמן,30705,32045,נקבה,61,חברת הכנסת,15/11/2022,NULL,NULL,NULL,NULL
25,מיקי לוי,23632,23632,זכר,43,חבר הכנסת,15/11/2022,NULL,NULL,NULL,NULL
25,מירב בן ארי,30102,30102,נקבה,61,חברת הכנסת,15/11/2022,NULL,NULL,NULL,NULL
25,מירב כהן,30686,32020,נקבה,61,חברת הכנסת,15/11/2022,NULL,NULL,NULL,NULL
25,מירי מרים רגב,12959,12959,נקבה,61,חברת הכנסת,15/11/2022,15/02/2023,התפטרות חבר ממשלה מהכנסת,NULL,NULL
25,מישל בוסקילה,30799,34328,זכר,43,חבר הכנסת,05/07/2024,NULL,NULL,NULL,שאשא ביטון יפעת
25,מכלוף מיקי זוהר,30058,30058,זכר,43,חבר הכנסת,15/11/2022,06/01/2023,התפטרות חבר ממשלה מהכנסת,NULL,NULL
25,מנסור עבאס,30713,32031,זכר,43,חבר הכנסת,15/11/2022,NULL,NULL,NULL,NULL
25,מרב מיכאלי,23565,23565,נקבה,61,חברת הכנסת,15/11/2022,NULL,NULL,NULL,NULL
25,משה אבוטבול,30749,32220,זכר,43,חבר הכנסת,15/11/2022,NULL,NULL,NULL,NULL
25,משה ארבל,30660,31998,זכר,43,חבר הכנסת,15/11/2022,NULL,NULL,NULL,NULL
25,משה גפני,526,526,זכר,43,חבר הכנסת,15/11/2022,NULL,NULL,NULL,NULL
25,משה טור פז,30777,32642,זכר,43,חבר הכנסת,15/11/2022,NULL,NULL,NULL,NULL
25,משה סולומון,30852,34374,זכר,43,חבר הכנסת,15/11/2022,NULL,NULL,NULL,NULL
25,משה סעדה,30853,34375,זכר,43,חבר הכנסת,15/11/2022,NULL,NULL,NULL,NULL
25,משה פסל,30877,34687,זכר,43,חבר הכנסת,12/03/2023,NULL,NULL,NULL,דיסטל אטבריאן גלית
25,משה רוט,30870,34586,זכר,43,חבר הכנסת,25/01/2023,17/07/2025,"כהונת חה""כ פסקה בשל התחדשות חברות ח""כ אחר",NULL,פרוש מאיר
25,מתן כהנא,30662,32208,זכר,43,חבר הכנסת,15/11/2022,08/07/2025,"התפטרות חה""כ מהכנסת",NULL,NULL
25,נאור שירי,30854,34376,זכר,43,חבר הכנסת,15/11/2022,NULL,NULL,NULL,NULL
25,ניסים ואטורי,30772,32623,זכר,43,חבר הכנסת,15/11/2022,NULL,NULL,NULL,NULL
25,ניר ברקת,30700,32004,זכר,43,חבר הכנסת,15/11/2022,NULL,NULL,NULL,NULL
25,נעמה לזימי,30106,33856,נקבה,61,חברת הכנסת,15/11/2022,NULL,NULL,NULL,NULL
25,סימון דוידסון,30820,33930,זכר,43,חבר הכנסת,15/11/2022,NULL,NULL,NULL,NULL
25,סימון מושיאשוילי,30872,34608,זכר,43,חבר הכנסת,02/02/2023,20/07/2025,"כהונת חה""כ פסקה בשל התחדשות חברות ח""כ אחר",NULL,ביטון חיים
25,סמיר בן סעיד,30894,35385,זכר,43,חבר הכנסת,20/06/2025,NULL,NULL,NULL,עטאונה יוסף
25,עאידה תומא סלימאן,30067,30067,נקבה,61,חברת הכנסת,15/11/2022,NULL,NULL,NULL,NULL
25,עדי עזוז,30895,35460,נקבה,61,חברת הכנסת,13/08/2025,NULL,NULL,NULL,רול עידן
25,עודד פורר,30121,30309,זכר,43,חבר הכנסת,15/11/2022,NULL,NULL,NULL,NULL
25,עופר כסיף,30719,32021,זכר,43,חבר הכנסת,15/11/2022,NULL,NULL,NULL,NULL
25,עידית סילמן,30718,32030,נקבה,61,חברת הכנסת,15/11/2022,07/01/2023,התפטרות חבר ממשלה מהכנסת,NULL,NULL
25,עידן רול,30721,32039,זכר,43,חבר הכנסת,15/11/2022,13/08/2025,"התפטרות חה""כ מהכנסת",NULL,NULL
25,עמיחי אליהו,30857,34377,זכר,43,חבר הכנסת,15/11/2022,01/01/2023,התפטרות חבר ממשלה מהכנסת,NULL,NULL
25,עמיחי אליהו,30857,34377,זכר,43,חבר הכנסת,21/01/2025,NULL,NULL,"כהונת חה""כ התחדשה",סוכות צבי ידידיה
25,עמיחי שיקלי,30786,32703,זכר,43,חבר הכנסת,15/11/2022,17/01/2023,התפטרות חבר ממשלה מהכנסת,NULL,NULL
25,עמית הלוי,30711,32010,זכר,43,חבר הכנסת,17/01/2023,NULL,NULL,NULL,שיקלי עמיחי
25,עפיף עבד,30893,35236,זכר,43,חבר הכנסת,05/01/2025,NULL,NULL,NULL,גלנט יואב
25,פנינה תמנו,23635,23635,נקבה,61,חברת הכנסת,15/11/2022,NULL,NULL,NULL,NULL
25,צבי ידידיה סוכות,30874,34616,זכר,43,חבר הכנסת,07/02/2023,21/01/2025,"כהונת חה""כ פסקה בשל התחדשות חברות ח""כ אחר",NULL,סמוטריץ' בצלאל
25,צבי ידידיה סוכות,30874,34616,זכר,43,חבר הכנסת,06/04/2025,NULL,NULL,NULL,כהן אלמוג
25,צביקה פוגל,30859,34378,זכר,43,חבר הכנסת,15/11/2022,NULL,NULL,NULL,NULL
25,צגה מלקו,30875,34626,נקבה,61,חברת הכנסת,10/02/2023,NULL,NULL,NULL,אקוניס אופיר
25,קארין אלהרר,23631,23631,נקבה,61,חברת הכנסת,15/11/2022,NULL,NULL,NULL,NULL
25,קטי קטרין שטרית,30706,32043,נקבה,61,חברת הכנסת,15/02/2023,NULL,NULL,NULL,רגב מירי מרים
25,רון כץ,30780,32694,זכר,43,חבר הכנסת,15/11/2022,NULL,NULL,NULL,NULL
25,רם בן ברק,30691,32001,זכר,43,חבר הכנסת,15/11/2022,NULL,NULL,NULL,NULL
25,שלום דנינו,30861,34380,זכר,43,חבר הכנסת,15/11/2022,NULL,NULL,NULL,NULL
25,שלי טל מירון,30871,34598,נקבה,61,חברת הכנסת,01/02/2023,NULL,NULL,NULL,רזבוזוב יואל
25,שלמה קרעי,30704,32038,זכר,43,חבר הכנסת,15/11/2022,NULL,NULL,NULL,NULL
25,שמחה רוטמן,30812,32700,זכר,43,חבר הכנסת,15/11/2022,NULL,NULL,NULL,NULL
25,שרון ניר,30863,34381,נקבה,61,חברת הכנסת,15/11/2022,NULL,NULL,NULL,NULL
25,שרן מרים השכל,30118,30305,נקבה,61,חברת הכנסת,15/11/2022,NULL,NULL,NULL,NULL
25,ששון ששי גואטה,30879,34716,זכר,43,חבר הכנסת,26/03/2023,NULL,NULL,NULL,קיש יואב
